﻿<?xml version="1.0" encoding="utf-8"?>
<circuit version="1.4" xmlns="http://schemas.circuit-diagram.org/circuitDiagramDocument/2012/document">
	<properties>
		<width>300</width>
		<height>260</height>
	</properties>
	<definitions>
		<src col="http://schemas.circuit-diagram.org/circuitDiagramDocument/2012/components/common">
			<add id="0" item="resistor" p4:guid="dab6d52b-51a0-49b0-bc40-3cda966148aa" p4:version="4.0.0" xmlns:p4="http://schemas.circuit-diagram.org/circuitDiagramDocument/2012/document/component-descriptions" />
			<add id="1" item="capacitor" p4:guid="154b7831-58e6-4126-b582-8c1cc2bdeb13" p4:version="4.0.0" xmlns:p4="http://schemas.circuit-diagram.org/circuitDiagramDocument/2012/document/component-descriptions" />
		</src>
		<src>
			<add id="2" item="Arduino Uno" p4:guid="385a441a-4d89-4f07-80d3-718c8276724a" p4:version="1.0.0" xmlns:p4="http://schemas.circuit-diagram.org/circuitDiagramDocument/2012/document/component-descriptions" />
		</src>
	</definitions>
	<elements>
		<w x="270" y="60" o="v" sz="50" flp="false" />
		<w x="260" y="60" o="h" sz="10" flp="false" />
		<w x="190" y="60" o="h" sz="20" flp="false" />
		<w x="270" y="110" o="v" sz="130" flp="false" />
		<w x="260" y="110" o="h" sz="10" flp="false" />
		<w x="30" y="240" o="h" sz="240" flp="false" />
		<w x="30" y="160" o="v" sz="80" flp="false" />
		<w x="30" y="160" o="h" sz="30" flp="false" />
		<w x="190" y="110" o="h" sz="20" flp="false" />
		<c id="0" tp="{0}" x="210" y="110" o="h" sz="50" flp="false">
			<prs>
				<p k="style" v="IEC" />
				<p k="text" v="" />
				<p k="resistance" v="4700" />
				<p k="showResistance" v="True" />
				<p k="t" v="Standard" />
			</prs>
			<cns>
				<cn id="0" pt="b" />
				<cn id="1" pt="a" />
			</cns>
		</c>
		<c id="1" tp="{1}" x="210" y="60" o="h" sz="50" flp="false">
			<prs>
				<p k="style" v="IEC" />
				<p k="text" v="" />
				<p k="capacitance" v="0.00047" />
				<p k="showCapacitance" v="True" />
				<p k="t" v="Standard" />
			</prs>
			<cns>
				<cn id="0" pt="b" />
				<cn id="2" pt="a" />
			</cns>
		</c>
		<c id="2" tp="{2}" x="60" y="130" o="h" sz="130" flp="false">
			<prs />
			<cns>
				<cn id="2" pt="#14" />
				<cn id="0" pt="#7" />
				<cn id="1" pt="#19" />
			</cns>
		</c>
	</elements>
</circuit>